"label","name","pred"
"65",oppo reno 4 ram 8128 gb oppo,"49"
"2",apple iphone 12 128gb blue,"2"
"2",apple iphone 12 mini 64gb blue,"2"
"8",apple iphone 8 plus 256gb,"8"
"101",samsung s21 ultra 5g 16512gb phantom silver,"101"
"86",vivo v20 2021 8128gb,"86"
"58",oppo a37 ram 216 a37 216 dual sim,"58"
"69",hp oppo a31 4gb64gb 6gb128gb 1,"62"
"14",realme c21y 332gb,"14"
"36",xiaomi redmi 5 plus ram 3 rom 32 1 rom global,"31"
"170",itel vision 1 pro ram 2gb rom 32gb,"7"
"41",xiaomi redmi note 4x snapdragon 4g ram 332 xiaomi,"35"
"4",iphone xs max 64gb,"4"
"102",samsung a03s ram 464gb samsung,"92"
"80",vivo y1s ram 2gb rom 32gb,"80"
"53",oppo a54 4128 100 oppo,"53"
"92",samsung a12 6128,"92"
"72",oppo reno2 disney limited luminous black,"4"
"2",apple iphone 12 pro 256gb pacific blue,"2"
"31",xiaomi redmi 9c 332 100 xiaomi,"31"
"91",samsung a22 4g ram 6 128gb,"91"
"81",vivo y30,"81"
"4",iphone xr 128 gb 1 black red white coral blue new apple,"4"
"135",samsung note 5 n9208 dual,"4"
"4",apple iphone xr 128 gb,"4"
"94",samsung a32 5g 8128 gb white,"94"
"31",xiaomi redmi 9a 232 gb,"31"
"111",samsung glaxy core a01 ram 2 32,"4"
"104",samsung j3 pro samsung,"92"
"74",vivo y33s 84gb 128gb foomee bluetooth speaker,"74"
"19",realme c11 ram 232,"19"
"4",iphone x 64gb bnib segel greenpel,"4"
"133",samsung note 9 ram 6gb 128gb bnib,"30"
"93",samsung a72 256gb 8gb,"93"
"5",iphone 5s 32gb grey,"5"
"8",iphone 8 plus 64gb,"8"
"51",oppo a15 ram 332 gb oppo,"51"
"8",iphone 8 plus 64gb,"8"
"30",xiaomi redmi note 9,"30"
"4",apple iphone xr 64gb red,"4"
"6",iphone 6s plus 16gb rosegold new in box apple internasional 1 apple internasional,"6"
"4",iphone xs max 64gb,"4"
"51",oppo a15 3gb32gb,"51"
"50",oppo reno 6 4g 8gb128gb,"49"
"5",iphone 5s 32gb gold,"5"
"36",xiaomi redmi 5a ram 3gb rom 32gb xiaomi,"36"
"95",samsung a52 8gb128gb ampamp 8gb256gb,"95"
"29",xiaomi redmi note 10 pro 6gb64gb,"29"
"51",oppo a15s 4gb64gb s tcase,"51"
"4",iphone xr 128,"4"
"19",realme c11 32gb 2gb,"19"
"4","100 apple iphone x 256gb new inter fu 1","8"
"2",apple iphone 12 128gb green,"2"
"8",apple iphone 8 plus 64gb 1 black silver gold red new,"8"
"4",iphone xs max 256gb gray,"4"
"53",oppo a54 4128 100 oppo,"53"
"8",apple iphone 8 plus 64gb 1 black silver gold red new,"8"
"49",oppo reno 5 series reno5 5g reno 5 4g,"49"
"92",samsung a12 ram 4 128gb samsung,"92"
"99",samsung zfold2,"99"
"33",xiaomi poco m3 4gb64gb,"33"
"67",oppo a92,"51"
"4",iphone xr 64gb,"4"
"80",vivo y1s 2gb 32gb,"80"
"94",samsung a32 6128,"94"
"69",oppo a3s 3gb 32 gb oppo oppo a3 s ram 3gb merah,"48"
"30",xiaomi redmi note 9 pro 6gb64gb snapdragon720g 64mp quadkamera 5020mah 667 fhd,"30"
"92",samsung a12 6128,"92"
"8",apple iphone 8 64gb,"4"
"19",realme c11 2gb32gb,"19"
"94",samsung a32 6gb128gb ampamp 8gb128gb,"94"
"166",redmi go 1,"31"
"31",xiaomi redmi 9c 4gb64gb dotdrop 653 hd 5000mah helio g35 13mp kamera,"31"
"19",realme c11,"19"
"80",vivo y19 new 128gb6gb,"80"
"2",apple iphone 12 mini 128gb black,"2"
"8",iphone 8 plus 256gb second ex internasional,"8"
"4",apple iphone xs max 256 gb,"4"
"94",samsung a32 6gb128gb,"94"
"2",apple iphone 12 pro 256gb gold,"2"
"18",realme 8 8128gb,"18"
"48",oppo a16 32 gb 3 gb,"48"
"70",oppo reno 2f,"70"
"53",oppo a54 ram 6128 gb 4128 gb 464 gb oppo,"53"
"4",apple iphone xr 64 gb,"4"
"104",samsung j2 prime,"104"
"95",samsung a52 blue 8256 gb,"95"
"93",samsung a72 8gb128gb,"93"
"33",xiaomi poco m3 pro 5g 4gb64gb,"33"
"68",oppa a12 ram 3,"92"
"4",apple iphone xs 64 gb single sim green peel new,"4"
"4",apple iphone xr 128gb red,"4"
"99",samsung z fold3 5g 12256gb phantom black,"4"
"92",samsung a12 ram 6128 gb,"92"
"4",iphone x 64gb256gb bekas 100 normal fullset,"4"
"48",oppo a16 ram 3gb 32gb,"48"
"48",oppo a16 464,"48"
"104",samsung j3 2016,"4"
"32",xiaomi poco x3 pro 8256 gb xiaomi,"32"
"4",iphone xs max 512gb ibox,"4"
"120",infinix 10s x689 ram 4gb rom 64gb,"120"
"33",xiaomi poco m3,"33"
"84",vivo v21 5g 11128gb,"84"
"12",realme c25s 4gb128gb,"12"
"67",oppo a9 2020,"66"
"104",samsung j5 pro,"104"
"50",oppo reno 6 ram 8gb rom 128gb oppo,"49"
"2",apple iphone 12 smarphone 64gb,"2"
"6",iphone 6 128gb,"4"
"75",vivo y12s,"75"
"103",samsung a02s ram 4 64gb,"103"
"4",iphone xs 64gb 256gb 512gb second like new,"4"
"29",xiaomi redmi note 10 464 gb ram 4gb rom 64gb,"29"
"15",oppo realme 2 32gb3gb diamond red,"15"
"115",infinix 10 play 4gb64gb 1,"115"
"79",vivo y51 128gb8gb,"79"
"77",vivo y20s g 128gb 4gb,"77"
"8",apple iphone 8 plus 256 gb silver,"8"
"92",samsung a12 128gb 6gb,"92"
"2",apple iphone 12 64gb black,"2"
"82",vivo y91 32 gb 2 gb,"4"
"11",realme gt master 8gb128gb,"11"
"4",iphone xs max 512gb ibox,"4"
"4",apple for iphone x 64gb,"4"
"131",samsung a6,"92"
"31",xiaomi redmi 9t ram 4gb64gb 6gb128gb,"31"
"51",oppo a15s,"51"
"32",xiaomi poco x3 pro 6gb 128gb h,"32"
"49",oppo reno 5 8gb128gb 1,"49"
"95",samsung a52s 5g 8256gb samsung,"95"
"8",apple iphone 8 plus 64gb,"8"
"72",oppo reno2 disney limited luminous black,"4"
"4",iphone xs 512gb ibox,"4"
"77",vivo y20 3gb 64gb,"77"
"4",iphone xr 128gb256gb64gb second fullset no,"4"
"77",vivo y20sg 4gb128gb,"77"
"6",iphone 6 plus 64gb,"8"
"4",apple iphone x 64gb silver black,"4"
"58",hp oppo a37 ram 216 gb,"58"
"33",xiaomi poco m3 4gb64gb,"33"
"5",iphone 5s 32gb grey,"5"
"65",oppo reno 4,"49"
"6",iphone 6s 64gb silver second ex inter,"6"
"14",realme c21 3gb32gb,"14"
"48",oppo a16 ram 3gb 32gb,"48"
"115",infinix 10 play ram 4gb64gb ram 2gb32gb 6000 mah helio g25 kamera 13mp 682 hd,"115"
"4",iphone xr 128gb,"4"
"96",samsung a10s 2gb 32gb tactile blue sma107fdbdxid,"7"
"51",oppo a15s 464,"51"
"10",realme 8 5g realme 8 4g realme 8 pro realme 7i 8gb128gb,"18"
"7",iphonee 7 128gb32gb256gb secound like new,"4"
"19",realme c11 ram 2gb 32gb 3gb 32gb new grs realme,"19"
"65",oppo reno 4f,"65"
"8",apple iphone 8 64gb,"4"
"4","100 apple iphone x 64gb new inter fu 1","8"
"50",oppo reno 6 nfc ram 8gb128gb reno6,"50"
"30",xiaomi redmi note 9 red 128 gb6 gb,"30"
"92",samsung a12 ram 4128 gb,"92"
"34",xiaomi redmi 10,"34"
"18",realme 8 pro ram 8gb rom 128gb,"18"
"4",apple iphone xr 64gb white,"4"
"43",xiaomi redmi 3,"31"
"35",xiaomi redmi 4x ram 216 4x prime xiaomi,"35"
"4",apple iphone xs 64 gb,"4"
"95",samsung a52,"95"
"4",apple iphone xs max 256 gb hk set dual on non aktivasi,"4"
"53",oppo a54 464 4128 6128 oppo a31 6128 new oppo,"53"
"101",samsung s21 ultra,"101"
"4",iphone xr new package 64gb,"4"
"55",oppo a11k,"55"
"66",oppo a5 2020 128gb,"66"
"97",samsung note 20 256,"97"
"29",xiaomi redmi note 10s 664 gb xiaomi,"29"
"92",samsung a12 6128,"92"
"131",samsung a6 plus,"8"
"2",apple iphone 12 mini 64gb red,"2"
"31",xiaomi redmi 9c 464 gb xiaomi,"31"
"51",oppo a15 ram 332 gb a15 232 gb oppo,"51"
"4",apple iphone xs 256 gb,"4"
"39",redminote 2 16gb,"6"
"7",apple iphone 7 32gb 1 black gold rose red new,"7"
"37",xiaomi redmi note 5a ram 2 rom 16 gold grey garasi,"6"
"62",oppo f11 ram 4gb 128gb oppo,"62"
"48",oppo a16 ram 464gb,"48"
"119",infinix zero 8 ram 8gb internal 128gb,"119"
"113",samsung a50s ram 4gb 64gb,"4"
"8",apple iphone 8 plus 256 gb gray,"8"
"4",lcd iphone x ter isi 2k,"4"
"31",xiaomi redmi 9a 232gb 332 gb xiaomi ✅,"31"
"4",apple iphone xs max 256 gb,"4"
"19",realme c11 ram 2gb rom 32gb,"19"
"8",apple iphone 8 64gb,"4"
"127",samsung 2 lavender,"92"
"84",vivo v21 4g 8gb128gb,"84"
"32",xiaomi poco x3 pro 8256 ram 8gb internal 256gb xiaomi,"32"
"20",realme c2 16gb 2gb,"20"
"12",realme c25s ram 4128 gb,"12"
"33",xiaomi poco m3 6gb ram 128gb rom,"33"
"6",iphone 6s 16gb rose gold 100 new ampamp not refurbishcpo,"6"
"116",infinix smart 5,"116"
"96",samsung a10s,"96"
"117",infinix note 10 x693 ram 6gb rom 128gb,"117"
"19",realme c11 32gb 2gb,"19"
"53",oppo a54 128gb 6gb,"53"
"32",xiaomi poco x3 pro nfc ram 8256 gb,"32"
"19",realme c11 ram 232,"19"
"92",samsung a12 4128gb black exynos 850,"92"
"57",oppo a74 6128,"57"
"49",oppo reno 5 5g 128gb 8gb,"49"
"80",vivo y1s 2gb 32gb,"80"
"4",apple iphone x 64 gb silver,"4"
"49",kagan oppo reno 5 8128 new oppo,"49"
"4",iphone xr 128 gb 1 black red white coral blue new apple,"4"
"48",oppo a16 ram 3gb 32gb,"48"
"58",hp android oppo a37 2gb 16gb,"58"
"7",iphone 7 plus 128gb black mate layar retak dikit dekat bawah fulset oem,"7"
"8",apple iphone 8 plus 256gb 1 black silver gold red new,"8"
"4",apple iphone xs max 256 gb,"4"
"8",apple iphone 8 plus 256 gb,"8"
"8",apple iphone 8 64gb,"4"
"8",apple iphone 8 64gb,"4"
"4",apple iphone xr 128gb single sim new 1 coral black red yellow white blue,"4"
"120",infinix 10s ram 6128gb,"120"
"49",oppo reno 5 8128 100 oppo,"49"
"8",iphone 8 64gb second 100 ex inter,"8"
"8",apple iphone 8 plus 256 gb silver,"8"
"4",iphone xs 256gb 1 fullset iphone xs iphonehandphone,"4"
"39",redmi note 2 ram 2gb internal 16gb 1,"30"
"11",realme gt master 8128gb,"11"
"4",iphone xr 64gb new package,"4"
"4",iphone xr new package 64gb,"4"
"117",infinix note 10 pro x695c nfc ram 6gb rom 64gb,"117"
"2",doss apple iphone xr 128gb iphone 128gb,"4"
"10",realme 7i 8128 1,"10"
"29",xiaomi redmi note 10 pro 6gb128gb amoled 667 108mp quad kamera snapdragon 732g 5020mah,"29"
"2",apple iphone 12 64gb black,"2"
"6",apple iphone 6 32 gb,"4"
"4",apple iphone x 256gb,"4"
"50",oppo reno 6 4g 8gb128gb,"49"
"4",apple iphone xr 128gb black ibox,"4"
"115",infinix 10 play 6128 4128gb 464infinix 10 1,"115"
"2",apple iphone 12 pro max 256gb,"2"
"7",iphone 7 plus 128gb jet black second ex inter,"7"
"110",samsung m11 332 gb black,"4"
"53",oppo a54 4128 100 oppo,"53"
"23",realme c15 ram 4 per 64 new grs,"4"
"4",iphone xr 64gb,"4"
"4",apple iphone x 256 gb,"4"
"10",realme 7 ram 8128 full 10,"18"
"18",realme 8 4g 8128gb,"18"
"95",samsung a52s 5g 8256gb samsung,"95"
"94",samsung a32 6128,"94"
"108",samsung watch active2 44mm black,"4"
"92",samsung a12 6128,"92"
"66",oppo a5s ram 3gb 32gb,"66"
"86",vivo v20 8128 100 vivo,"77"
"4",iphone xr 64gb,"4"
"4",apple iphone xs 64 gb fu gsm 1,"4"
"4",iphone xr 64gb second,"4"
"30",xiaomi redmi note 9 pro ram 664 ampamp 8128,"29"
"4",iphone xr 64gb new package,"4"
"14",realme c21 3gb32gb,"14"
"4",iphone xr new package 128gb,"4"
"92",samsung a12 6gb 128gb,"92"
"107",samsung a21s 3gb,"92"
"167",xiaomi redmi a2 lite ram 3gb rom 32gb 1,"31"
"49",oppo reno 5 8128gb oppo,"49"
"51",oppo a15 ram 332 gb a15 232 gb oppo,"51"
"36",xiaomi redmi 5a 216gb 332gb,"36"
"46",xiaomi poco f3 6128gb 8256gb,"33"
"37",xiaomi redmi note 5a prime ram 332 gb xiaomi,"37"
"4",iphone xr 128,"4"
"67",oppo a92,"51"
"77",vivo y20,"77"
"4",apple iphone xs 256 gb 1 grey gold silver new,"4"
"79",vivo y51a 8gb 128gb,"79"
"14",realme c21y ram 3gb32gb ram 4gb64gb,"14"
"79",vivo y51 128gb8gb,"79"
"65",oppo reno 4 ram 8128gb new bnib,"49"
"4",iphone xr 64gb,"4"
"2",apple iphone 12 pro 256gb gold,"2"
"77",vivo y20sg 4gb128gb,"77"
"4",iphone xr 64gb ibox,"4"
"19",realme c11 2gb32gb,"19"
"6",iphone 6 plus 64gb gold 100 no re,"8"
"32",xiaomi poco x3 pro 8256 ram 8gb internal 256gb xiaomi,"32"
"94",samsung a32 8gb128gb,"94"
"31",xiaomi redmi 9a,"31"
"4",apple for iphone x 64gb,"4"
"67",oppo a92 ram 8128 oppo,"49"
"67",oppo a91,"51"
"18",realme 8 8gb128gb,"18"
"16",realme 6 pro ram 8 rom 128,"13"
"29",xiaomi redmi note 10s,"29"
"98",samsung z flip 3 5g 256gb samsung,"98"
"19",realme c11 2021 ram 2 32gb realme,"19"
"41",xiaomi redmi note 4x snapdragon 4g ram 332 xiaomi,"35"
"14",realme c21y 332gb,"14"
"2",apple iphone 12 pro max 512gb graphite,"2"
"4",iphone x 64gb 1,"4"
"14",realme c21y 464gb,"14"
"7",apple iphone 7 plus 128gb 1 black red gold rose silver,"7"
"3",apple iphone 11 pro max 512gb midnight green,"3"
"115",infinix 10 play 464 gb,"115"
"37",xiaomi redmi note 5 ram 3gb rom 32gb ditributor 1,"30"
"35",xiaomi redmi 4x prime 3gb 32gb,"35"
"7",iphone 7 plus 256gb128gb32gb fullset second normal 100,"8"
"103",samsung a02 332gb black,"103"
"33",xiaomi poco m3 pro 5g 4gb64gb,"33"
"7",iphone 7 128gb black mate fullset,"4"
"4",apple iphone xr 64gb black,"4"
"4",apple iphone xr 128gb black ibox,"4"
"4",iphone xr 64gb,"4"
"33",xiaomi poco m3 ram 464 6128 gb,"33"
"34",xiaomi redmi 10,"34"
"88",samsung m51 128gb 8gb,"88"
"14",realme c21 3gb32gb,"14"
"4",iphone xr 128gb,"4"
"138",samsung note20 ultra 5g mystic black 12256gb sulwhasoo fcas best seller trial kit,"4"
"95",samsung a52 8gb256gb,"95"
"128",samsung e 1272,"92"
"2",apple iphone 12 pro max 256gb silver,"2"
"20",realme c2 ram 2 rom 32,"20"
"7",apple iphone 7 plus 128gb red apple 1,"8"
"2",apple iphone 12 64gb red,"2"
"96",samsung a10s 2gb 32gb tactile black sma107fakdxid,"7"
"18",realme 8 pro 128gb 8gb k,"18"
"96",samsung a10s 232,"96"
"6",iphone 6 plus 64gb gray 1,"8"
"20",realme c2 ram 3gb ram 32gb,"20"
"19",realme c11 2021 232gb,"19"
"79",vivo y51a 8128,"79"
"77",vivo y20s 8gb128gbd,"77"
"2",apple iphone 12 128 gb,"2"
"18",realme 8 pro 128gb 8gb k,"18"
"4",iphone xr 64gb,"4"
"86",vivo v20 8128 100 vivo,"77"
"49",oppo reno 5f 8gb 128gb,"49"
"51",oppo a15s 464 gb,"51"
"2",apple iphone 12 pro max 512gb gold,"2"
"8",apple iphone 8 256 gb 1,"4"
"39",xiaomi redmi note 2 32gb16gb rom 2gb ram 4g mediatek helio handphone hp note 2 xiaomi,"30"
"37",xiaomi redmi note 5a ram 2gb rom 16 gb xiaomi,"37"
"4",apple iphone xr 64 gb,"4"
"4",apple iphone xr 128 gb,"4"
"4",iphone xr 128gb,"4"
"81",vivo y30,"81"
"4",apple iphone xr 128gb black ibox,"4"
"8",apple iphone 8 64 gb new 1,"4"
"93",samsung a72 8256gb,"93"
"14",realme c21y 464gb,"14"
"120",infinix 10s 6128 gb,"120"
"8",iphone 8 plus 64gb,"8"
"4",apple iphone xs 64 gb,"4"
"4",apple iphone xr 64 gb,"4"
"94",samsung a32 8gb128gb,"94"
"4",iphone xr 64gb,"4"
"19",realme c11 2021 232gb,"19"
"4",iphone xr 64gb,"4"
"5",iphone 5s 32gb gold november,"5"
"31",xiaomi redmi 9t 6128 464 ram 6gb 4gb rom 64gb 128gb,"31"
"70",oppo reno 2f,"70"
"3",apple iphone 11 128gb white,"3"
"24",realme c17,"18"
"2",apple iphone 12 pro 512gb gold,"2"
"77",vivo y20 3gb 64gb,"77"
"10",realme 7 pro,"18"
"4",new apple iphone xs 256gb 1,"4"
"109",samsung tab s7 fe mystic silver,"109"
"8",apple iphone 8 plus 256gb,"8"
"66",oppo a5 2020 ram 4gb 128gb oppo,"66"
"57",oppo a74 6128,"57"
"35",xiaomi redmi 4a 216gb,"35"
"3",ip 11 128gb ibox 1,"3"
"6",iphone 6 16gb gold,"6"
"8",iphone 864gb second like new,"4"
"36",xiaomi redmi 5a ram 2gb internal 16gb 4g gold,"36"
"4",apple iphone xs 64 gb single sim green peel new,"4"
"4",apple iphone xs max 256 gb,"4"
"35",xiaomi redmi 4a 16 gb2 gb,"35"
"14",realme c21y 464gb,"14"
"2",apple iphone 12 pro 256gb pacific blue,"2"
"49",oppo reno 5f 8gb 128gb,"49"
"30",xiaomi redmi note 9 pro aurora blue 6gb64gb snapdragon720g 5020mah,"30"
"18",realme 8 ram 8128 gb,"18"
"4",iphone x second,"4"
"117",infinix note 10 ram 6128gb,"117"
"8",apple iphone 8 256 gb,"4"
"18",realme 8 pro 8gb128gb,"18"
"4",apple iphone xs 64 gb,"4"
"4",iphone x 64gb,"4"
"5",iphone 5s 64 gb rose gold platinum,"5"
"8",apple iphone 8 64gb,"4"
"8",iphone 8 plus 64gb,"8"
"106",samsung m20,"92"
"89",samsung m62 8 gb 256 gb sp telkomsel bundlingmax,"89"
"115",infinix 10 play 4gb64gb,"115"
"6",iphone 6s 64gb intl,"6"
"3",apple iphone 11 64gb red,"3"
"4",iphone xs max 64256gb,"4"
"102",samsung a03s 4gb 64gb,"4"
"41",xiaomi redmi note4x prime,"31"
"75",vivo y12s 2021 3gb 32gbd,"75"
"4",iphone xr new package 128gb,"4"
"90",samsung m12 464gb,"90"
"49",kagan oppo reno 5 8128 new oppo,"49"
"6",iphone 6 64 gb,"4"
"138",samsung note20 ultra 5g mystic bronze 12256gb sulwhasoo fcas best seller trial kit,"4"
"120",infinix 10s 464gb 6128gb,"120"
"103",samsung a02s 3 32gb s t clear cover earphone,"7"
"14",realme c21 3gb32gb,"14"
"8",iphone 8 plus 64gb,"8"
"92",samsung a12 6128,"92"
"4",iphone xr 64gb,"4"
"4",apple iphone xs max 64 gb,"4"
"116",infinix smart 5 2gb32gb 3gb64gb infinix,"116"
"104",samsung j5 2015 duos shadow bos,"4"
"19",realme c11 2021 ram 4gb64gb,"19"
"4",apple iphone x 256 gb,"4"
"12",realme c25 464,"12"
"48",oppo a16 ram 464gb,"48"
"2",apple iphone 12 64gb white,"2"
"104",samsung j7 pro,"104"
"92",samsung a12 6128,"92"
"2",apple iphone 12 256gb red,"2"
"31",xiaomi redmi 9c 3gb 32gb 4gb 64gb 32 gb 64 gb,"31"
"102",samsung a03s ram 464gb,"90"
"53",oppo a54 ram 4128 6128gb oppo,"53"
"51",oppo a15 3gb32gb,"51"
"11",realme gt me 5g,"11"
"4",iphone xr 64gb,"4"
"33",xiaomi poco m3,"33"
"4",new apple iphone xs 256gb 1,"4"
"18",realme 8 pro 8gb128gb,"18"
"4",apple iphone xs max 256 gb,"4"
"32",xiaomi poco x3 pro 6gb 128gb h,"32"
"4",iphone xr 128,"4"
"8",apple iphone 8 64gb,"4"
"41",xiaomi redmi note 4x snapdragon 4g ram 332 xiaomi,"35"
"48",oppo a16 ram 332 gb,"48"
"122",infinix 10 ram 6 128gb,"117"
"4",iphonee xs xs max 64gb 256gb 512gb bekas fullset second like new seken 64 256 512 gb,"4"
"4",apple iphone x fulset miliar,"4"
"12",realme c25s 4128gb,"12"
"8",iphone 8,"4"
"8",apple iphone 8 64gb,"4"
"14",realme c21 3gb32gb,"14"
"35",xiaomi redmi 4 layar hd 50 inci 4g 3gb 32gb pengenalan sidik jari belakang 4100mah,"31"
"4",apple iphone x 64 gb silver,"4"
"8",apple iphone 8 64gb,"4"
"6",iphone 6s plus 16gb rose gold fullset ber,"6"
"116",infinix smart 5,"116"
"14",realme c21,"14"
"79",vivo y51 128gb8gb,"79"
"84",vivo v21 5g 11128gb,"84"
"53",oppo a54 ram 6gb rom 128gb,"53"
"18",realme 8 pro 128gb 8gb k,"18"
"4",apple iphone xs max 64 gb,"4"
"96",samsung a10s,"96"
"91",samsung a22 5g6128 gb gray,"91"
"75",vivo y12s 2021 3gb 32gb,"75"
"21",realme narzo 30a 4gb64gb,"12"
"30",redmi note 9 4gb64gb 6gb128gb,"30"
"4",iphone xr 64gb,"4"
"15",realme c11 2gb 32gb realme 2 gb 32 gb grey hijau,"19"
"52",oppo a53,"52"
"39",xiaomi redminote 2 16gb,"6"
"4",iphone xr 128,"4"
"50",oppo reno6 pro 5g 12gb256 gb,"50"
"56",oppo a33 332gb oppo,"56"
"6",iphone 6 64gb 1,"4"
"104",samsung j2 prime dual sim 4g boss,"104"
"117",infinix note 10 ram 6128 gb,"117"
"29",xiaomi redmi note 10s nfc ram 664 6128 8128 gb,"29"
"12",realme c25s 4gb128gb,"12"
"18",realme 8 5g ram 8128gb 15 full,"18"
"153",samsung a80 8gb 128 gb,"4"
"2",apple iphone 12 pro max 256gb,"2"
"8",apple iphone 8 64 gb 1 black red silver gold new,"8"
"20",realme c20 2gb3gb realme 1,"18"
"102",samsung a03s 464 gb blue,"4"
"95",samsung a52,"95"
"12",realme c25s 4128gb,"12"
"29",xiaomi redmi note 10 4gb64gb ampamp 6gb128gb,"29"
"68",oppo a12 ram 332 gb oppo,"92"
"7",apple iphone 7 plus 32gb fu gsm 1,"8"
"92",samsung a12 6128,"92"
"8",new apple iphone 8 256gb fu gsm 1,"4"
"29",xiaomi redmi note 10 pro 8gb128gb,"29"
"4",iphone x 256gb,"4"
"92",samsung a12 6128gb,"92"
"43",xiaomi redmi 3s 16gb ram 2gb 4g 1,"43"
"4",iphone xs 64gb 1 fullset iphone xs iphonehandphone,"4"
"32",xiaomi poco x3 nfc 8gb128gb snapdragon™ 732g layar 667” fhd 5160mah 64mp quad kamera,"32"
"4",apple iphone x 64 gb 1 black white new,"4"
"4",iphone x 64gb 1,"4"
"4",iphone xr 128gb,"4"
"32",xiaomi poco x3 nfc 6 gb 64 gb pocophone ram 6gb rom 64gb,"32"
"14",realme c21 ram 464gb,"14"
"39",xiaomi redmi note 2 ram 216gb redmi note 2,"30"
"84",vivo v21,"84"
"4",apple iphone xs 256 gb,"4"
"13",realme 5 pro 128 gb 4 gb,"13"
"94",samsung a32 8gb128gb,"94"
"14",realme c21 4gb64gb,"14"
"80",vivo y1s ram 2gb rom 32gb,"80"
"92",samsung a12 4128gb white exynos 850,"92"
"30",xiaomi redmi note 9 6gb128gb helio g85 48mp quad kamera 5020mah 653 fhd dotdisplay,"30"
"14",realme c21y 332gb,"14"
"33",xiaomi poco m3,"33"
"95",samsung a52 ram 8256gb,"95"
"4",iphone xs max 64gb,"4"
"80",vivo y1s 232gb vivo,"80"
"58",oppo a37 216,"58"
"4",iphone xs 64gb 1 fullset iphone xs iphonehandphone,"4"
"2",apple iphone 12 pro 256gb silver,"2"
"14",realme c21 4gb64gb,"14"
"4",iphone xs max 64gb,"4"
"4",iphone xr 128gb,"4"
"14",realme c21y 464gb,"14"
"4",iphone x 64gb,"4"
"51",oppo a15 a16 332gb a15s 464gb oppo,"51"
"46",xiaomi poco f3 5g x3 pro m3 pro 5g m3,"33"
"4",apple iphone x 64 gb,"4"
"4",apple iphone x 64 gb,"4"
"4",apple iphone xr 64 gb,"4"
"143",oppo a1k ram 2gb 32gb oppo,"51"
"31",xiaomi redmi 9a 232 gb,"31"
"18",realme 8 8gb128gb,"18"
"52",oppo a53 ram 4gb rom 64gb,"52"
"8",apple iphone 8 plus 64gb new 1 silver black red gold,"8"
"49",oppo reno 5 4g 8128gb,"49"
"32",xiaomi poco x3 pro 8gb256gb,"32"
"4",iphone xs max 64256gb,"4"
"140",samsung a20s 4gb64gb,"92"
"8","100 apple iphone 8 128gb new inter fu 1","8"
"57",oppo a74 ram 6gb 128gb snapdragon 662,"57"
"12",realme c25 ram 4gb rom 64gb realme,"12"
"61",oppo f9 ram 464,"61"
"7",apple iphone 7 plus 32gb fu gsm 1,"8"
"6",iphone 6s second 99,"6"
"18",realme 8 ram 8128gb nfc,"18"
"94",samsung a32 8gb128gb,"94"
"33",xiaomi poco m3 4gb64gb,"33"
"4","100 apple iphone x 256gb new inter fu 1","8"
"4",iphone xs 64gb second ex inter,"4"
"43",xiaomi redmi 3s 16gb ram 2gb 4g,"43"
"96",samsung a10s,"96"
"2",apple iphone 12 128gb black,"2"
"96",samsung a10s,"96"
"4",apple iphone xr 128 gb,"4"
"131",samsung a6 plus,"8"
"14",realme c21y 464gb,"14"
"4",apple iphone xr 64 gb,"4"
"29",xiaomi redmi note 10s,"29"
"4",iphone xr 64gb,"4"
"8",apple iphone 8 plus 64gb 1 black silver gold red new,"8"
"4",iphone xr secondhand 1,"4"
"93",samsung a72 black 8256 gb,"93"
"60",oppo f7 ram 4gb 64gb red silver black 100,"4"
"4",iphone xr 128 gb 1 black red white coral blue new apple,"4"
"11",realme gt master 8 256 gb snapdragon 778g 5g nfc,"11"
"10",realme 7i 8128 1,"10"
"48",oppo a16 oppo,"48"
"58",hp oppo a37 ram 2gb internal 16gb 1 gold,"58"
"6",iphone 6 64 gb,"4"
"61",oppo f9 pro 6gb64gb 6gb128gb 1,"61"
"79",vivo y51a 8128,"79"
"49",oppo reno 5f 8128gb oppo 1,"49"
"14",realme c21,"14"
"86",vivo v20 8128 100 vivo,"77"
"11",realme gt master 8128gb,"11"
"31",xiaomi redmi 9c ram 464,"31"
"4",apple iphone x 64 gb,"4"
"92",samsung a12 ram 6128 gb,"92"
"141",iphone 4s 32gb,"7"
"115",infinix 10 play 4gb64gb 2gb32gb,"115"
"19",realme c11,"19"
"51",oppo a15 3gb32gb,"51"
"77",vivo y20,"77"
"8",iphone 8 64 bekas like new,"4"
"6",iphone 6s plus 64gb rose gold fullset ex inter,"6"
"116",hp infinix smart 5 364 232 hp infinix android smart phone 4g infinix smart5,"116"
"44",xiaomi redmi note 8 pro 6 gb 128 gb,"30"
"69",oppo a3s ram 3gb rom 32gb oppo oppo a3s ram 3gb,"69"
"31",xiaomi redmi 9c ram 332 gb,"31"
"18",realme 8 pro nfc ram 8128,"18"
"7",apple iphone 7 32gb 1 black gold rose red new,"7"
"8",apple iphone 8 plus 64gb new 1 silver black red gold,"8"
"93",samsung a72 8256gb,"93"
"4",iphone x 256gb,"4"
"4",apple iphone xs max 256 gb,"4"
"116",infinix smart 5 ram 3gb rom 64gb,"116"
"11",realme gt master 8128gb,"11"
"19",realme c11 2021 4gb64gb 2gb32gb c21y 3gb32gb c21y 4gb64gb,"14"
"31",xiaomi redmi 9a 232gb layar dotdrop 653 hd 5000mah prosesor helio g25 13mp ai,"31"
"94",samsung a32 8gb128gb,"94"
"115",infinix 10 10 play ram 464 4128 6 128,"115"
"51",oppo a15 332 gb,"51"
"120",infinix 10s 464gb – helio g85 – 6000 mah – 48mp camera – 90hz 682”hd display,"120"
"33",xiaomi poco m3 464,"33"
"65",oppo reno 4f,"65"
"82",vivo y91 32 gb 2 gb,"4"
"4",apple iphone xs 256 gb,"4"
"8",new apple iphone 8 256gb fu gsm 1,"4"
"4",iphone xr new package 64gb,"4"
"7",apple iphone 7 128gb jet black,"7"
"8",apple iphone 8 plus 256 gb,"8"
"19",realme c11 2021 232gb,"19"
"57",oppo a74 5g 6gb128gb,"57"
"19",realme c11 32gb 2gb,"19"
"8",apple iphone 8 plus 256gb 1 black silver gold red new,"8"
"14",realme c21,"14"
"88",samsung m51 8128gb,"88"
"20",realme c2 ram 2gb rom 32gb,"20"
"12",realme c25s ram 4128 gb,"12"
"75",vivo y12s ram 41128,"75"
"38",xiaomi mi 11 lite 6gb128gb qualcomm® snapdragon™ 732g 64mp ai kamera layar 655 amoled fhd 4250,"32"
"4",lcd iphone x ter isi 2k,"4"
"33",xiaomi poco m3 464 100 xiaomi,"33"
"27",realme 3 ram 4gb rom 64gb realme,"10"
"14",realme c21 4gb64gb,"14"
"96",samsung a10s,"96"
"8",apple iphone 8 plus 256 gb,"8"
"4",iphone xr 128,"4"
"116",infinix smart 5 x657b ram 3gb rom 64gb,"116"
"52",oppo a53,"52"
"51",oppo a15 ram 332gb 232gb oppo,"51"
"96",samsung a10 ram 2gb 32gb samsung 1thn,"92"
"8",iphone 8 plus 64gb,"8"
"100",samsung s20 fe 256 gb cloud mint,"4"
"79",vivo y51a 8gb 128gb,"79"
"31",xiaomi redmi 9a,"31"
"4",iphone xr 128,"4"
"30",xiaomi redmi note 9 6gb128gb 48mp quad kamera helio g85 653 fhd 5020mah,"30"
"155",samsung a2 core ram 1 gb,"4"
"60",oppo f7 plus,"8"
"90",samsung m12 464gb,"90"
"34",xiaomi redmi 10,"34"
"51",oppo a15s,"51"
"87",samsung m32 6128gb,"87"
"30",xiaomi redmi note 9 6gb128gb helio g85 48mp quad kamera 5020mah 653 fhd dotdisplay,"30"
"52",oppo a53,"52"
"116",infinix smart 5 ram 2 32gb,"116"
"19",realme c11 2021 32gb 2gb,"19"
"53",oppo a54 64gb 4gb,"53"
"31",xiaomi redmi 9 a 2gb32gb,"31"
"48",oppo a16 ram 3gb 32gb,"48"
"45",xiaomi mi 10t pro 8gb 128gb snapdragon 865 108mp ai triple camera layar 144hz 667” fhd 5000mah,"45"
